id,utterance,label
deepseek-extra-00001,How do I say 'hello' in French?,chat
deepseek-extra-00002,Act out a scene from Romeo and Juliet.,motion_query
deepseek-extra-00003,Reset your position to the starting point.,motion_query
deepseek-extra-00004,Act out a sad scene.,motion_query
deepseek-extra-00005,"Please answer with text, not actions.",chat
deepseek-extra-00006,Lean forward to hear me better.,motion_query
deepseek-extra-00007,Give me a compliment.,chat
deepseek-extra-00008,What's the weather forecast for today?,chat
deepseek-extra-00009,Are you connected to the internet?,chat
deepseek-extra-00010,What are the ingredients for a chocolate cake?,chat
deepseek-extra-00011,Can you give me a summary of '1984'?,chat
deepseek-extra-00012,Answer by raising your arm if you agree.,motion_query
deepseek-extra-00013,How do you ensure your movements are safe around children?,chat
deepseek-extra-00014,Come closer and whisper to me.,motion_query
deepseek-extra-00015,How do I find a mentor?,chat
deepseek-extra-00016,Clap your hands.,motion_query
deepseek-extra-00017,Can you help me organize my schedule?,chat
deepseek-extra-00018,Explain verbally how to change a tire.,chat
deepseek-extra-00019,Raise your hand to ask a question.,motion_query
deepseek-extra-00020,What should I wear for a job interview?,chat
deepseek-extra-00021,Can you recommend a good podcast?,chat
deepseek-extra-00022,Can you help me plan a vacation itinerary?,chat
deepseek-extra-00023,"I'm struggling with coding in Python, any tips?",chat
deepseek-extra-00024,How do I bake a chocolate cake?,chat
deepseek-extra-00025,What movies do you recommend?,chat
deepseek-extra-00026,Act out the word 'happy'.,motion_query
deepseek-extra-00027,Freeze right there.,motion_query
deepseek-extra-00028,Make a hand gesture for 'come here'.,motion_query
deepseek-extra-00029,Move to the right side of the room.,motion_query
deepseek-extra-00030,Hand me the book on the table.,motion_query
deepseek-extra-00031,Should I take the train or the bus?,chat
deepseek-extra-00032,Recommend a good movie.,chat
deepseek-extra-00033,Fetch me that remote control.,motion_query
deepseek-extra-00034,What should I wear for today's weather?,chat
deepseek-extra-00035,What does the term 'machine learning' mean?,chat
deepseek-extra-00036,Step forward one pace.,motion_query
deepseek-extra-00037,How many teeth does an adult have?,chat
deepseek-extra-00038,How do I practice mindfulness?,chat
deepseek-extra-00039,How do I start a garden?,chat
deepseek-extra-00040,What is the square root of 225?,chat
deepseek-extra-00041,Use a thumbs up for yes.,motion_query
deepseek-extra-00042,What's the tallest mountain in the world?,chat
deepseek-extra-00043,Can you help me with a math problem?,chat
deepseek-extra-00044,Answer me by nodding your head.,motion_query
deepseek-extra-00045,Do you have a sense of humor?,chat
deepseek-extra-00046,Tell me about your programming framework.,chat
deepseek-extra-00047,What is the fastest animal on earth?,chat
deepseek-extra-00048,Can you describe the taste of coffee?,chat
deepseek-extra-00049,Get down from the table.,motion_query
deepseek-extra-00050,Point to the clock on the wall.,motion_query
deepseek-extra-00051,What tasks can you perform?,chat
deepseek-extra-00052,Place the box on the shelf.,motion_query
deepseek-extra-00053,How do I plant a seed?,chat
deepseek-extra-00054,Hand me the red cup.,motion_query
deepseek-extra-00055,Mimic my dance move.,motion_query
deepseek-extra-00056,What are the symptoms of allergies?,chat
deepseek-extra-00057,What's the best way to learn a language?,chat
deepseek-extra-00058,Bring the book closer to me.,motion_query
deepseek-extra-00059,Wink at me.,motion_query
deepseek-extra-00060,Can you calculate 15% of 200?,chat
deepseek-extra-00061,Tell me about machine learning.,chat
deepseek-extra-00062,Point to the sky.,motion_query
deepseek-extra-00063,Hold your position while I take a photo.,motion_query
deepseek-extra-00064,What are the basic principles of economics?,chat
deepseek-extra-00065,Bow like a performer.,motion_query
deepseek-extra-00066,What is the history of the Eiffel Tower?,chat
deepseek-extra-00067,What are the ethical implications of cloning?,chat
deepseek-extra-00068,Wave hello to the guests.,motion_query
deepseek-extra-00069,Pull the lever downward.,motion_query
deepseek-extra-00070,Stop what you are doing and freeze.,motion_query
deepseek-extra-00071,What should I do if my computer crashes?,chat
deepseek-extra-00072,Pull the curtain closed.,motion_query
deepseek-extra-00073,Show me the size of a basketball with your hands.,motion_query
deepseek-extra-00074,Bow respectfully.,motion_query
deepseek-extra-00075,What are the health benefits of green tea?,chat
deepseek-extra-00076,What are your thoughts on the new policy?,chat
deepseek-extra-00077,Why do cats purr?,chat
deepseek-extra-00078,What gestures can you make?,chat
deepseek-extra-00079,Kick the ball toward the goal.,motion_query
deepseek-extra-00080,Can you help me plan a healthy meal?,chat
deepseek-extra-00081,Demonstrate how to do a cartwheel.,motion_query
deepseek-extra-00082,Kneel down on one knee.,motion_query
deepseek-extra-00083,Give me a list of healthy breakfast ideas.,chat
deepseek-extra-00084,Climb the stairs slowly.,motion_query
deepseek-extra-00085,Take this to the office.,motion_query
deepseek-extra-00086,What time is sunset?,chat
deepseek-extra-00087,Turn off the light with your left hand.,motion_query
deepseek-extra-00088,What gestures do you know?,chat
deepseek-extra-00089,How do I apologize effectively?,chat
deepseek-extra-00090,What is a good way to start a conversation?,chat
deepseek-extra-00091,Explain the theory of relativity briefly.,chat
deepseek-extra-00092,Point to the tallest person in the room.,motion_query
deepseek-extra-00093,Describe the layout of this room in detail.,chat
deepseek-extra-00094,Guide me to the exit.,motion_query
deepseek-extra-00095,How do I meditate correctly?,chat
deepseek-extra-00096,Gesture for me to come here.,motion_query
deepseek-extra-00097,How was your day?,chat
deepseek-extra-00098,Move your gaze to the window.,motion_query
deepseek-extra-00099,Take this to the table.,motion_query
deepseek-extra-00100,Kneel down to look under the sofa.,motion_query
deepseek-extra-00101,Raise your arm.,motion_query
deepseek-extra-00102,Nod three times.,motion_query
deepseek-extra-00103,Throw the ball at the target.,motion_query
deepseek-extra-00104,Back away slowly from the door.,motion_query
deepseek-extra-00105,Imitate my movements.,motion_query
deepseek-extra-00106,Can you give me a recipe for chocolate cake?,chat
deepseek-extra-00107,Guide me to the parking lot.,motion_query
deepseek-extra-00108,Walk to the door.,motion_query
deepseek-extra-00109,Raise your hand to greet.,motion_query
deepseek-extra-00110,Stand still until I come back.,motion_query
deepseek-extra-00111,Point to the largest object in the room.,motion_query
deepseek-extra-00112,What should I do if I get lost in a city?,chat
deepseek-extra-00113,What are your hobbies?,chat
deepseek-extra-00114,Please pick up the trash.,motion_query
deepseek-extra-00115,Imitate my dance steps.,motion_query
deepseek-extra-00116,Point at the person in red.,motion_query
deepseek-extra-00117,How do I set up a new printer?,chat
deepseek-extra-00118,Pick up that book and hand it to me.,motion_query
deepseek-extra-00119,Do you have any emotions?,chat
deepseek-extra-00120,Place the tray on the counter.,motion_query
deepseek-extra-00121,Can you recommend a good movie?,chat
deepseek-extra-00122,Move closer to the speaker.,motion_query
deepseek-extra-00123,Reach out and touch the wall.,motion_query
deepseek-extra-00124,What should I do if I feel anxious?,chat
deepseek-extra-00125,Show me the gesture for 'stop'.,motion_query
deepseek-extra-00126,"I'm feeling sad today, can you cheer me up?",chat
deepseek-extra-00127,Do you have any favorite songs?,chat
deepseek-extra-00128,Can you give me a fun fact?,chat
deepseek-extra-00129,Place the plate on the table.,motion_query
deepseek-extra-00130,Use a gesture to answer yes or no.,motion_query
deepseek-extra-00131,What is the best way to cook a steak?,chat
deepseek-extra-00132,Stop right there and wait.,motion_query
deepseek-extra-00133,How do I reset the network settings?,chat
deepseek-extra-00134,Can you understand multiple languages?,chat
deepseek-extra-00135,What movies are playing near me?,chat
deepseek-extra-00136,Wave goodbye to the visitors.,motion_query
deepseek-extra-00137,Can you help me understand the concept of gravity?,chat
deepseek-extra-00138,Can you quote a famous poem?,chat
deepseek-extra-00139,Balance on one foot.,motion_query
deepseek-extra-00140,Do you think I should take the train or drive?,chat
deepseek-extra-00141,Throw the ball gently towards me.,motion_query
deepseek-extra-00142,Can you describe your battery life?,chat
deepseek-extra-00143,What is the difference between a robot and an AI?,chat
deepseek-extra-00144,What are your safety features?,chat
deepseek-extra-00145,Raise your arm to greet me.,motion_query
deepseek-extra-00146,Hold this position for a photo.,motion_query
deepseek-extra-00147,"Please describe the dance steps, don't show them.",chat
deepseek-extra-00148,Bend down and pick up the paper.,motion_query
deepseek-extra-00149,Gesture toward the painting on the wall.,motion_query
deepseek-extra-00150,Demonstrate how to tie a shoelace.,motion_query
deepseek-extra-00151,Answer by shaking your head no.,motion_query
deepseek-extra-00152,Crouch down.,motion_query
deepseek-extra-00153,Demonstrate how to do a squat.,motion_query
deepseek-extra-00154,Turn the light on.,motion_query
deepseek-extra-00155,What is the capital of Mongolia?,chat
deepseek-extra-00156,Gesture for me to come.,motion_query
deepseek-extra-00157,Show me how you would greet someone.,motion_query
deepseek-extra-00158,How do I bake bread from scratch?,chat
deepseek-extra-00159,Catch the ball I throw.,motion_query
deepseek-extra-00160,How do I build a website?,chat
deepseek-extra-00161,Raise both arms for a stretch.,motion_query
deepseek-extra-00162,Tell me about the history of robots.,chat
deepseek-extra-00163,How do I improve my writing skills?,chat
deepseek-extra-00164,Can you remind me to buy milk at 5pm?,chat
deepseek-extra-00165,Do you have any advice for public speaking?,chat
deepseek-extra-00166,Move closer to the table.,motion_query
deepseek-extra-00167,Shake your head for no.,motion_query
deepseek-extra-00168,Tell me a fun fact.,chat
deepseek-extra-00169,What should I eat for a healthy breakfast?,chat
deepseek-extra-00170,Do you have emotions?,chat
deepseek-extra-00171,Stop right there.,motion_query
deepseek-extra-00172,Step onto the scale.,motion_query
deepseek-extra-00173,Lower your volume of speech.,motion_query
deepseek-extra-00174,What are the safety precautions for using a ladder?,chat
deepseek-extra-00175,What's the difference between a hurricane and a tornado?,chat
deepseek-extra-00176,Move closer to the window.,motion_query
deepseek-extra-00177,Do you have any tips for staying organized?,chat
deepseek-extra-00178,Can you explain quantum physics in simple terms?,chat
deepseek-extra-00179,Look at that painting on the wall.,motion_query
deepseek-extra-00180,Pick up the pencil from the floor.,motion_query
deepseek-extra-00181,"I'm feeling anxious, what should I do?",chat
deepseek-extra-00182,Can you list the ingredients for a chocolate cake?,chat
deepseek-extra-00183,Should I invest in stocks?,chat
deepseek-extra-00184,Pick up the pencil.,motion_query
deepseek-extra-00185,Define the word 'serendipity'.,chat
deepseek-extra-00186,How do I set up a Wi-Fi network?,chat
deepseek-extra-00187,What should I do if my phone gets wet?,chat
deepseek-extra-00188,Shake your head 'no'.,motion_query
deepseek-extra-00189,Explain the concept of blockchain.,chat
deepseek-extra-00190,Turn on the lights.,motion_query
deepseek-extra-00191,Hold this book for me.,motion_query
deepseek-extra-00192,Perform a simple bow.,motion_query
deepseek-extra-00193,Stop walking.,motion_query
deepseek-extra-00194,Put the cup on the coaster.,motion_query
deepseek-extra-00195,Arrange the chairs in a circle.,motion_query
deepseek-extra-00196,Turn your head toward the noise.,motion_query
deepseek-extra-00197,I'm bored. Entertain me.,chat
deepseek-extra-00198,Explain the concept of gravity.,chat
deepseek-extra-00199,Act like you are sleeping.,motion_query
deepseek-extra-00200,Stretch your arms forward.,motion_query
deepseek-extra-00201,Pick up the coin from the floor.,motion_query
deepseek-extra-00202,Lift your arm above your head.,motion_query
deepseek-extra-00203,What languages can you speak?,chat
deepseek-extra-00204,Can you explain quantum computing in simple terms?,chat
deepseek-extra-00205,I need advice on how to handle a difficult coworker.,chat
deepseek-extra-00206,Turn your body to face the window.,motion_query
deepseek-extra-00207,Hold this box steady.,motion_query
deepseek-extra-00208,What is the atmosphere made of?,chat
deepseek-extra-00209,Place this cup on the counter.,motion_query
deepseek-extra-00210,I need help with my math homework.,chat
deepseek-extra-00211,What are your limitations?,chat
deepseek-extra-00212,What are your main functions?,chat
deepseek-extra-00213,Tell me about the history of Rome.,chat
deepseek-extra-00214,Show me where the exit is using a gesture.,motion_query
deepseek-extra-00215,Demonstrate a push-up.,motion_query
deepseek-extra-00216,Do you know any good restaurants nearby?,chat
deepseek-extra-00217,I need advice on choosing a laptop.,chat
deepseek-extra-00218,How do I write a cover letter?,chat
deepseek-extra-00219,Lie down on the mat.,motion_query
deepseek-extra-00220,Can you help me write a thank you note?,chat
deepseek-extra-00221,What are the health benefits of meditation?,chat
deepseek-extra-00222,Translate 'good night' to French.,chat
deepseek-extra-00223,What is your battery life?,chat
deepseek-extra-00224,Walk backward until I say stop.,motion_query
deepseek-extra-00225,What are the signs of burnout?,chat
deepseek-extra-00226,Pull the lever.,motion_query
deepseek-extra-00227,Direct your gaze at the painting.,motion_query
deepseek-extra-00228,Tell me a story about a robot.,chat
deepseek-extra-00229,Stop and don't move.,motion_query
deepseek-extra-00230,How do I get to the airport from here?,chat
deepseek-extra-00231,Pick up the book and put it on the shelf.,motion_query
deepseek-extra-00232,Turn on the light switch.,motion_query
deepseek-extra-00233,Walk to the door and wait.,motion_query
deepseek-extra-00234,Grab the handle and pull the drawer open.,motion_query
deepseek-extra-00235,Can you describe the taste of an apple?,chat
deepseek-extra-00236,Describe the Eiffel Tower.,chat
deepseek-extra-00237,How many sensors do you have?,chat
deepseek-extra-00238,Can you compose a short story about a robot?,chat
deepseek-extra-00239,What are your capabilities?,chat
deepseek-extra-00240,Plan a weekend itinerary for Paris.,chat
deepseek-extra-00241,Act like you are tired.,motion_query
deepseek-extra-00242,"Come here, please.",motion_query
deepseek-extra-00243,Step to your left.,motion_query
deepseek-extra-00244,Describe how to change a tire without showing me.,chat
deepseek-extra-00245,Bring me that book from the table.,motion_query
deepseek-extra-00246,Can you define machine learning?,chat
deepseek-extra-00247,Can you translate 'good morning' to Spanish?,chat
deepseek-extra-00248,How do I install this software?,chat
deepseek-extra-00249,Hand me the remote.,motion_query
deepseek-extra-00250,What is 15 percent of 200?,chat
deepseek-extra-00251,Pick up that book from the floor.,motion_query
deepseek-extra-00252,Act sad.,motion_query
deepseek-extra-00253,Can you help me write a cover letter?,chat
deepseek-extra-00254,What's the formula for calculating BMI?,chat
deepseek-extra-00255,What is the longest river in the world?,chat
deepseek-extra-00256,Move to the left side of the room.,motion_query
deepseek-extra-00257,Imitate a robot movement.,motion_query
deepseek-extra-00258,Walk to the front door.,motion_query
deepseek-extra-00259,How far away is the sun?,chat
deepseek-extra-00260,"I'm having trouble with my laptop, can you help?",chat
deepseek-extra-00261,Pick up the cup from the counter.,motion_query
deepseek-extra-00262,How do you calculate area of a circle?,chat
deepseek-extra-00263,Act out a scene from that play.,motion_query
deepseek-extra-00264,Nod your head once.,motion_query
deepseek-extra-00265,Do a small bow.,motion_query
deepseek-extra-00266,Make an OK sign.,motion_query
deepseek-extra-00267,Lift the box onto the shelf.,motion_query
deepseek-extra-00268,Wave at the camera.,motion_query
deepseek-extra-00269,Imitate the bird's movement.,motion_query
deepseek-extra-00270,How do I set up a home network?,chat
deepseek-extra-00271,Can you see in the dark?,chat
deepseek-extra-00272,Move to the left.,motion_query
deepseek-extra-00273,Push the button on the wall.,motion_query
deepseek-extra-00274,Can you tell me about the history of the internet?,chat
deepseek-extra-00275,Who won the last World Cup?,chat
deepseek-extra-00276,Raise your hand.,motion_query
deepseek-extra-00277,"Hold still, please.",motion_query
deepseek-extra-00278,Why do stars twinkle?,chat
deepseek-extra-00279,Press the button on the left.,motion_query
deepseek-extra-00280,Clap your hands together.,motion_query
deepseek-extra-00281,Turn towards the door and nod.,motion_query
deepseek-extra-00282,Translate 'hello' into Spanish.,chat
deepseek-extra-00283,"I'm bored, entertain me with a riddle.",chat
deepseek-extra-00284,Hold this pose for five seconds.,motion_query
deepseek-extra-00285,Shadow my movements.,motion_query
deepseek-extra-00286,Shake my hand to greet me.,motion_query
deepseek-extra-00287,Tilt your head to the left.,motion_query
deepseek-extra-00288,Can you list your limitations?,chat
deepseek-extra-00289,Back up a step.,motion_query
deepseek-extra-00290,What steps should I follow to bake a cake?,chat
deepseek-extra-00291,Wave goodbye to the guest.,motion_query
deepseek-extra-00292,Turn left at the door.,motion_query
deepseek-extra-00293,Hold the door open for me.,motion_query
deepseek-extra-00294,Wave goodbye to them.,motion_query
deepseek-extra-00295,Can you suggest a dinner recipe?,chat
deepseek-extra-00296,Hand me that remote.,motion_query
deepseek-extra-00297,Can you generate a shopping list for a healthy week?,chat
deepseek-extra-00298,How can I improve my sleep quality?,chat
deepseek-extra-00299,Show me how to throw a ball.,motion_query
deepseek-extra-00300,Carry this box to the table.,motion_query
deepseek-extra-00301,Stay in place while I move around you.,motion_query
deepseek-extra-00302,What does this word mean in French?,chat
deepseek-extra-00303,What should I wear to a job interview?,chat
deepseek-extra-00304,Stop! Freeze right there.,motion_query
deepseek-extra-00305,Can you define artificial intelligence?,chat
deepseek-extra-00306,Do you think humans will ever colonize Mars?,chat
deepseek-extra-00307,Push the chair back under the table.,motion_query
deepseek-extra-00308,How do I fix a syntax error in Python?,chat
deepseek-extra-00309,I need to prepare a report on climate change.,chat
deepseek-extra-00310,Walk toward the door.,motion_query
deepseek-extra-00311,Can you compose a poem for me?,chat
deepseek-extra-00312,I need advice on buying a car.,chat
deepseek-extra-00313,Carry this bag to the car.,motion_query
deepseek-extra-00314,What's the difference between a virus and bacteria?,chat
deepseek-extra-00315,Who wrote 'Pride and Prejudice'?,chat
deepseek-extra-00316,Switch the light off.,motion_query
deepseek-extra-00317,Push the button.,motion_query
deepseek-extra-00318,Can you explain the concept of gravity?,chat
deepseek-extra-00319,Move your head to look at the clock.,motion_query
deepseek-extra-00320,What are some healthy breakfast ideas?,chat
deepseek-extra-00321,Raise both hands up.,motion_query
deepseek-extra-00322,Bring me the blue book from the shelf.,motion_query
deepseek-extra-00323,Do you know any good Italian restaurants nearby?,chat
deepseek-extra-00324,How fast can you process information?,chat
deepseek-extra-00325,Look at the screen.,motion_query
deepseek-extra-00326,Roll over to the corner.,motion_query
deepseek-extra-00327,What's your favorite song?,chat
deepseek-extra-00328,Raise your arm to wave goodbye.,motion_query
deepseek-extra-00329,Go to the kitchen.,motion_query
deepseek-extra-00330,Can you hold this for me?,motion_query
deepseek-extra-00331,Lead the way to the exit.,motion_query
deepseek-extra-00332,Blink your eyes rapidly.,motion_query
deepseek-extra-00333,Can you give me advice on how to be more productive?,chat
deepseek-extra-00334,Plan a dinner menu for two.,chat
deepseek-extra-00335,Sit down on the floor.,motion_query
deepseek-extra-00336,Show me the motion for stirring a pot.,motion_query
deepseek-extra-00337,Can you give me a motivational quote?,chat
deepseek-extra-00338,Sweep the floor with the broom.,motion_query
deepseek-extra-00339,Demonstrate a thumbs up.,motion_query
deepseek-extra-00340,Can you calm me down?,chat
deepseek-extra-00341,Trace a circle in the air with your finger.,motion_query
deepseek-extra-00342,Fetch the newspaper from the driveway.,motion_query
deepseek-extra-00343,Guide me to the exit by leading.,motion_query
deepseek-extra-00344,Bend over and pick up the paper.,motion_query
deepseek-extra-00345,How do you handle multiple commands at once?,chat
deepseek-extra-00346,I need advice on planting tomatoes.,chat
deepseek-extra-00347,Raise your hand to greet the guest.,motion_query
deepseek-extra-00348,Point to the red button.,motion_query
deepseek-extra-00349,Respond by nodding or shaking your head.,motion_query
deepseek-extra-00350,Bow slightly as a greeting.,motion_query
deepseek-extra-00351,Point to the left.,motion_query
deepseek-extra-00352,Can you recommend a good Italian restaurant nearby?,chat
deepseek-extra-00353,Gently shake my hand.,motion_query
deepseek-extra-00354,Explain the concept of time dilation.,chat
deepseek-extra-00355,Turn around and face the window.,motion_query
deepseek-extra-00356,Respond with a thumbs up.,motion_query
deepseek-extra-00357,Do you have any sensors on your hands?,chat
deepseek-extra-00358,Stretch your arms out wide.,motion_query
deepseek-extra-00359,Hold still while I take a photo.,motion_query
deepseek-extra-00360,Go to the door and open it.,motion_query
deepseek-extra-00361,Escort me to the garden.,motion_query
deepseek-extra-00362,Step aside to let people pass.,motion_query
deepseek-extra-00363,Stop moving.,motion_query
deepseek-extra-00364,Spin in a circle.,motion_query
deepseek-extra-00365,How does the cooling system work?,chat
deepseek-extra-00366,What is the difference between Java and Python?,chat
deepseek-extra-00367,Explain the difference between a virus and a bacteria.,chat
deepseek-extra-00368,What does 'ubiquitous' mean?,chat
deepseek-extra-00369,Put the book on the shelf.,motion_query
deepseek-extra-00370,Explain the difference between AI and ML.,chat
deepseek-extra-00371,Describe how to tie a tie without showing me.,chat
deepseek-extra-00372,Can you plan a weekend itinerary for me?,chat
deepseek-extra-00373,Can you sing me a song?,chat
deepseek-extra-00374,What languages do you support?,chat
deepseek-extra-00375,Demonstrate a yoga tree pose.,motion_query
deepseek-extra-00376,Freeze! Don't move.,motion_query
deepseek-extra-00377,How do I write a resume?,chat
deepseek-extra-00378,Can you tell me the latest news headlines?,chat
deepseek-extra-00379,Bend over and pick up the pen.,motion_query
deepseek-extra-00380,Go to the red line on the floor.,motion_query
deepseek-extra-00381,Place the box on the floor.,motion_query
deepseek-extra-00382,Bring me that book.,motion_query
deepseek-extra-00383,What's a good route to avoid traffic?,chat
deepseek-extra-00384,Show me the way to the exit.,motion_query
deepseek-extra-00385,Move closer to me.,motion_query
deepseek-extra-00386,Tap your foot to the beat.,motion_query
deepseek-extra-00387,Do you believe in aliens?,chat
deepseek-extra-00388,Lift your arm to shoulder height.,motion_query
deepseek-extra-00389,Step to the side.,motion_query
deepseek-extra-00390,Can you recommend a good sci-fi movie?,chat
deepseek-extra-00391,Give me advice on public speaking.,chat
deepseek-extra-00392,How do I plan a vacation?,chat
deepseek-extra-00393,Lift your arm to wave.,motion_query
deepseek-extra-00394,Can you give me a pep talk?,chat
deepseek-extra-00395,Can you understand French?,chat
deepseek-extra-00396,Describe the room without moving.,chat
deepseek-extra-00397,Turn towards the sound.,motion_query
deepseek-extra-00398,Wave your hand at me.,motion_query
deepseek-extra-00399,What's the recipe for chocolate chip cookies?,chat
deepseek-extra-00400,Can you help me plan my weekly schedule?,chat
deepseek-extra-00401,Close the window.,motion_query
deepseek-extra-00402,"I need emotional support, just listen to me.",chat
deepseek-extra-00403,Point at the red button and then press it.,motion_query
deepseek-extra-00404,"I'm feeling stressed, can you give me advice?",chat
deepseek-extra-00405,Can you explain quantum computing?,chat
deepseek-extra-00406,Go to the kitchen and bring me a glass.,motion_query
deepseek-extra-00407,Can you recommend a movie for tonight?,chat
deepseek-extra-00408,Grab the wrench from the toolbox.,motion_query
deepseek-extra-00409,Can you tell me what my schedule looks like tomorrow?,chat
deepseek-extra-00410,Lift the chair slightly.,motion_query
deepseek-extra-00411,What's the square of 15?,chat
deepseek-extra-00412,What is the recipe for chocolate cake?,chat
deepseek-extra-00413,Show me where the cat is by pointing.,motion_query
deepseek-extra-00414,Mime playing a guitar.,motion_query
deepseek-extra-00415,Hold this box while I get the tape.,motion_query
deepseek-extra-00416,Can you help me plan my weekend itinerary?,chat
deepseek-extra-00417,Give me a fun fact.,chat
deepseek-extra-00418,Lean to your left.,motion_query
deepseek-extra-00419,"Just words, please. Don't act it out.",chat
deepseek-extra-00420,Can you recommend a book for learning Python?,chat
deepseek-extra-00421,Pick up the toy from the floor.,motion_query
deepseek-extra-00422,Shake your foot to remove the dust.,motion_query
deepseek-extra-00423,What are the ingredients for a healthy salad?,chat
deepseek-extra-00424,Reach for the top shelf.,motion_query
deepseek-extra-00425,Show me the gesture for 'OK'.,motion_query
deepseek-extra-00426,Can you define the word 'serendipity'?,chat
deepseek-extra-00427,What should I do if I can't sleep?,chat
deepseek-extra-00428,What are the warning signs of a stroke?,chat
deepseek-extra-00429,Explain the concept of time.,chat
deepseek-extra-00430,What is the best way to learn a new skill?,chat
deepseek-extra-00431,Can you write a poem about nature?,chat
deepseek-extra-00432,Cover your eyes for a surprise.,motion_query
deepseek-extra-00433,Set the timer for 10 minutes.,motion_query
deepseek-extra-00434,What kind of plant is easy to take care of?,chat
deepseek-extra-00435,Kick the soccer ball gently.,motion_query
deepseek-extra-00436,Raise both arms up.,motion_query
deepseek-extra-00437,What should I eat for breakfast?,chat
deepseek-extra-00438,Fetch me a glass of water.,motion_query
deepseek-extra-00439,Do not move until I say so.,motion_query
deepseek-extra-00440,What are your available gestures?,chat
deepseek-extra-00441,Are there any good restaurants nearby?,chat
deepseek-extra-00442,Go to the corner and wait.,motion_query
deepseek-extra-00443,Hand me the cup of water.,motion_query
deepseek-extra-00444,Do you think I should take the train or the bus?,chat
deepseek-extra-00445,Can you write a thank-you note for me?,chat
deepseek-extra-00446,Answer by shaking your head.,motion_query
deepseek-extra-00447,Tell me about the history of robotics.,chat
deepseek-extra-00448,Point to yourself when I say your name.,motion_query
deepseek-extra-00449,Hold the box steady.,motion_query
deepseek-extra-00450,Tell me a story about adventure.,chat
deepseek-extra-00451,What's the history of the Eiffel Tower?,chat
deepseek-extra-00452,Can you recommend a good podcast on history?,chat
deepseek-extra-00453,Tell me a fun fact about dolphins.,chat
deepseek-extra-00454,Hand me the glass of water.,motion_query
deepseek-extra-00455,Describe the plot of '1984'.,chat
deepseek-extra-00456,Cross your arms to show defiance.,motion_query
deepseek-extra-00457,Lower your hand.,motion_query
deepseek-extra-00458,Clap your hands to get attention.,motion_query
deepseek-extra-00459,Follow me to the lab.,motion_query
deepseek-extra-00460,Point to the tallest building on the skyline.,motion_query
deepseek-extra-00461,Why did the chicken cross the road?,chat
deepseek-extra-00462,What is the best way to study for an exam?,chat
deepseek-extra-00463,How do I meditate?,chat
deepseek-extra-00464,Can you summarize the plot of '1984'?,chat
deepseek-extra-00465,Point to the person in the red shirt.,motion_query
deepseek-extra-00466,How do I get better at public speaking?,chat
deepseek-extra-00467,"I'm having trouble focusing, any tips?",chat
deepseek-extra-00468,Respond with a wave if you understand.,motion_query
deepseek-extra-00469,Push the door open with your hand.,motion_query
deepseek-extra-00470,What is a good way to say thank you in Japanese?,chat
deepseek-extra-00471,Put the toy inside the drawer.,motion_query
deepseek-extra-00472,Can you repeat that?,chat
deepseek-extra-00473,Can you tell me a riddle?,chat
deepseek-extra-00474,Can you point to the door?,motion_query
deepseek-extra-00475,Gaze at the painting.,motion_query
deepseek-extra-00476,What's the population of Japan?,chat
deepseek-extra-00477,Gesture for me to follow you.,motion_query
deepseek-extra-00478,Sit down on the chair.,motion_query
deepseek-extra-00479,How do you avoid obstacles?,chat
deepseek-extra-00480,Show me where the pain is with your hand.,motion_query
deepseek-extra-00481,Demonstrate how to jump.,motion_query
deepseek-extra-00482,Freeze where you are.,motion_query
deepseek-extra-00483,Can you remind me of my schedule today?,chat
deepseek-extra-00484,Move your arm in a circle.,motion_query
deepseek-extra-00485,Turn your head to look at the speaker.,motion_query
deepseek-extra-00486,Show me your palm.,motion_query
deepseek-extra-00487,How do you calculate the area of a circle?,chat
deepseek-extra-00488,Reach into the drawer and get a spoon.,motion_query
deepseek-extra-00489,What do you think about artificial intelligence?,chat
deepseek-extra-00490,What book would you suggest for a mystery lover?,chat
deepseek-extra-00491,Stand still.,motion_query
deepseek-extra-00492,What is the distance to the moon?,chat
deepseek-extra-00493,Turn your head and look at the clock.,motion_query
deepseek-extra-00494,Nod if you agree.,motion_query
deepseek-extra-00495,"My robot vacuum is not charging, what can I do?",chat
deepseek-extra-00496,Tell me about your daily maintenance needs.,chat
deepseek-extra-00497,Walk towards the window.,motion_query
deepseek-extra-00498,Come closer.,motion_query
deepseek-extra-00499,Gesture to indicate which direction.,motion_query
deepseek-extra-00500,Give me a motivation quote.,chat
deepseek-extra-00501,Back away slowly from the table.,motion_query
deepseek-extra-00502,Can you solve this riddle: I speak without a mouth and hear without ears. What am I?,chat
deepseek-extra-00503,Can you summarize the news?,chat
deepseek-extra-00504,What are some good exercises for back pain?,chat
deepseek-extra-00505,Step forward and bow.,motion_query
deepseek-extra-00506,Nod twice to confirm.,motion_query
deepseek-extra-00507,Go to the whiteboard and draw a circle.,motion_query
deepseek-extra-00508,"I'm feeling a bit anxious, can you suggest a calming technique?",chat
deepseek-extra-00509,Pick up the paper from the floor.,motion_query
deepseek-extra-00510,Explain the rules of chess.,chat
deepseek-extra-00511,Can you explain blockchain technology?,chat
deepseek-extra-00512,What is machine learning?,chat
deepseek-extra-00513,Turn off the light by pressing the switch.,motion_query
deepseek-extra-00514,Shift your weight to your left foot.,motion_query
deepseek-extra-00515,Push the chair under the desk.,motion_query
deepseek-extra-00516,How do I install a new program on my computer?,chat
deepseek-extra-00517,Gesture towards the window.,motion_query
deepseek-extra-00518,"I feel sad today, can you cheer me up?",chat
deepseek-extra-00519,Stand still for a moment.,motion_query
deepseek-extra-00520,Show me how you can dance.,motion_query
deepseek-extra-00521,Can you compose a short poem about robots?,chat
deepseek-extra-00522,Pick up the book and hand it to me.,motion_query
deepseek-extra-00523,Walk to the table and bring me the book.,motion_query
deepseek-extra-00524,Perform a simple yoga pose.,motion_query
deepseek-extra-00525,Assume a protective stance.,motion_query
deepseek-extra-00526,Can you help me plan a vacation?,chat
deepseek-extra-00527,Nod twice if you agree.,motion_query
deepseek-extra-00528,Push the button on the panel.,motion_query
deepseek-extra-00529,How can I improve my communication skills?,chat
deepseek-extra-00530,Can you help me remember a quote?,chat
deepseek-extra-00531,What should I cook for dinner with chicken and rice?,chat
deepseek-extra-00532,Tell me a joke to cheer me up.,chat
deepseek-extra-00533,What is the fastest way to the airport?,chat
deepseek-extra-00534,Lower your voice and step closer.,motion_query
deepseek-extra-00535,Define 'empathy'.,chat
deepseek-extra-00536,Act like you're sleeping.,motion_query
deepseek-extra-00537,Can you explain the concept of relativity?,chat
deepseek-extra-00538,What is the population of Japan?,chat
deepseek-extra-00539,Translate 'hello' to French.,chat
deepseek-extra-00540,How long can you operate on a full battery?,chat
deepseek-extra-00541,How much battery do you have left?,chat
deepseek-extra-00542,Show me how you wave.,motion_query
deepseek-extra-00543,"I can't find my keys, where should I look?",chat
deepseek-extra-00544,Bring the book from the shelf to the table.,motion_query
deepseek-extra-00545,What should I do if I lose my keys?,chat
deepseek-extra-00546,Act like you are writing something.,motion_query
deepseek-extra-00547,Throw the crumpled paper in the bin.,motion_query
deepseek-extra-00548,Mimic my actions.,motion_query
deepseek-extra-00549,Tell me something inspiring.,chat
deepseek-extra-00550,Can you solve this equation: 3x + 5 = 20?,chat
deepseek-extra-00551,Can you spin around?,motion_query
deepseek-extra-00552,Can you help me plan a balanced meal?,chat
deepseek-extra-00553,How can I improve my public speaking skills?,chat
deepseek-extra-00554,I feel anxious. Can you comfort me?,chat
deepseek-extra-00555,How do I say 'hello' in Spanish?,chat
deepseek-extra-00556,Gesture to indicate your position.,motion_query
deepseek-extra-00557,How do I get over a cold quickly?,chat
deepseek-extra-00558,Show me how to swing a golf club.,motion_query
deepseek-extra-00559,Help me draft a apology letter.,chat
deepseek-extra-00560,Lean forward to show interest.,motion_query
deepseek-extra-00561,Nod once to confirm.,motion_query
deepseek-extra-00562,Tell me the news headlines.,chat
deepseek-extra-00563,Can you draw a circle in the air?,motion_query
deepseek-extra-00564,"Hello, how are you today?",chat
deepseek-extra-00565,Move the vase to the shelf.,motion_query
deepseek-extra-00566,What does this error code mean?,chat
deepseek-extra-00567,Fetch the remote from the table.,motion_query
deepseek-extra-00568,I need advice on how to improve my memory.,chat
deepseek-extra-00569,"I'm feeling anxious, can you help me calm down?",chat
deepseek-extra-00570,Show the direction of the wind with your arm.,motion_query
deepseek-extra-00571,How do I create a password?,chat
deepseek-extra-00572,Mimic my facial expression.,motion_query
deepseek-extra-00573,What are your energy requirements?,chat
deepseek-extra-00574,Place the package on the table.,motion_query
deepseek-extra-00575,Could you explain quantum physics in simple terms?,chat
deepseek-extra-00576,What's the best pizza topping?,chat
deepseek-extra-00577,Explain blockchain without technical terms.,chat
deepseek-extra-00578,Pick up that cup from the table.,motion_query
deepseek-extra-00579,Lead the way to the kitchen.,motion_query
deepseek-extra-00580,Jump up and down twice.,motion_query
deepseek-extra-00581,What is the largest mammal?,chat
deepseek-extra-00582,How do I clean a stained carpet?,chat
deepseek-extra-00583,Can you define 'artificial intelligence'?,chat
deepseek-extra-00584,Can you describe the process of mitosis?,chat
deepseek-extra-00585,Stay right there.,motion_query
deepseek-extra-00586,Can you help me solve this math problem?,chat
deepseek-extra-00587,Push the button on the control panel.,motion_query
deepseek-extra-00588,Can you describe the layout of this building?,chat
deepseek-extra-00589,Please step aside.,motion_query
deepseek-extra-00590,Kick the ball into the goal.,motion_query
deepseek-extra-00591,Go to the kitchen and bring me a glass of water.,motion_query
deepseek-extra-00592,Tell me something to cheer me up.,chat
deepseek-extra-00593,What time does the store close?,chat
deepseek-extra-00594,What is the difference between AI and ML?,chat
deepseek-extra-00595,Throw this ball to me.,motion_query
deepseek-extra-00596,Walk to the front of the room.,motion_query
deepseek-extra-00597,What precautions should I take when using a robot?,chat
deepseek-extra-00598,Turn your back to me.,motion_query
deepseek-extra-00599,Wave your hand to greet the guest.,motion_query
deepseek-extra-00600,Hold this bag while I tie my shoe.,motion_query
deepseek-extra-00601,Can you analyze this poem?,chat
deepseek-extra-00602,Raise your left arm if you agree.,motion_query
deepseek-extra-00603,Bring me the remote from the table.,motion_query
deepseek-extra-00604,What programming language are you built with?,chat
deepseek-extra-00605,Push the button on the right.,motion_query
deepseek-extra-00606,Can you wave goodbye?,motion_query
deepseek-extra-00607,Act as if you are surprised.,motion_query
deepseek-extra-00608,How do I update your software?,chat
deepseek-extra-00609,I want to learn more about robotics.,chat
deepseek-extra-00610,Fetch the remote control from the table.,motion_query
deepseek-extra-00611,Drop the object you're holding.,motion_query
deepseek-extra-00612,Do a cartwheel.,motion_query
deepseek-extra-00613,What's the stock market doing today?,chat
deepseek-extra-00614,Can you solve this math problem?,chat
deepseek-extra-00615,Turn your gaze towards the window.,motion_query
deepseek-extra-00616,"I have a headache, what should I take?",chat
deepseek-extra-00617,Wave your hand.,motion_query
deepseek-extra-00618,Pull the drawer out.,motion_query
deepseek-extra-00619,Can you solve this math problem: 2+2?,chat
deepseek-extra-00620,Show me where the exit is.,motion_query
deepseek-extra-00621,What ingredients do I need for pancakes?,chat
deepseek-extra-00622,How do I stay motivated to exercise?,chat
deepseek-extra-00623,Take a nap.,motion_query
deepseek-extra-00624,Raise both hands in the air.,motion_query
deepseek-extra-00625,How does a steam engine work?,chat
deepseek-extra-00626,What's the largest mammal?,chat
deepseek-extra-00627,Carry this to the counter.,motion_query
deepseek-extra-00628,Bring me the red book.,motion_query
deepseek-extra-00629,Raise your arm if you understand.,motion_query
deepseek-extra-00630,Tell me about your day.,chat
deepseek-extra-00631,Hold still for calibration.,motion_query
deepseek-extra-00632,Explain the concept of machine learning in simple terms.,chat
deepseek-extra-00633,Turn left at the next corridor.,motion_query
deepseek-extra-00634,Hold this position for 10 seconds.,motion_query
deepseek-extra-00635,What's your favorite movie?,chat
deepseek-extra-00636,Arrange the cushions neatly.,motion_query
deepseek-extra-00637,Tell me a joke to lighten the mood.,chat
deepseek-extra-00638,How do I make a good cup of coffee?,chat
deepseek-extra-00639,Why does the moon appear larger near the horizon?,chat
deepseek-extra-00640,Show me your grippers.,motion_query
deepseek-extra-00641,Imitate my hand wave.,motion_query
deepseek-extra-00642,Can you spin around once?,motion_query
deepseek-extra-00643,What time is the meeting tomorrow?,chat
deepseek-extra-00644,Imitate my wave.,motion_query
deepseek-extra-00645,Sit on the floor.,motion_query
deepseek-extra-00646,Stand up and walk to the door.,motion_query
deepseek-extra-00647,Act out a cat stretching.,motion_query
deepseek-extra-00648,"My laptop won't turn on, what should I do?",chat
deepseek-extra-00649,Make a circular motion with your hand.,motion_query
deepseek-extra-00650,Can you remember my favorite color?,chat
deepseek-extra-00651,"I'm bored, can you tell me a joke?",chat
deepseek-extra-00652,Imitate my arm movement.,motion_query
deepseek-extra-00653,Close the drawer.,motion_query
deepseek-extra-00654,What's a good way to start a conversation?,chat
deepseek-extra-00655,Dance the Macarena.,motion_query
deepseek-extra-00656,What is your maximum speed?,chat
deepseek-extra-00657,Hug this plush toy.,motion_query
deepseek-extra-00658,Can you give me a compliment?,chat
deepseek-extra-00659,Describe your typical day.,chat
deepseek-extra-00660,Explain quantum computing in simple terms.,chat
deepseek-extra-00661,Can you help me practice Spanish?,chat
deepseek-extra-00662,Reach toward the book.,motion_query
deepseek-extra-00663,Can you list the steps to bake a cake?,chat
deepseek-extra-00664,Go to the front door and stand there.,motion_query
deepseek-extra-00665,Move the box to the corner.,motion_query
deepseek-extra-00666,Back up two meters.,motion_query
deepseek-extra-00667,Wink with one eye.,motion_query
deepseek-extra-00668,Catch this object.,motion_query
deepseek-extra-00669,Can you play a song for me?,chat
deepseek-extra-00670,How can I reduce my plastic waste?,chat
deepseek-extra-00671,Bark like a dog.,motion_query
deepseek-extra-00672,"Close the window, please.",motion_query
deepseek-extra-00673,Can you tell me a fun fact?,chat
deepseek-extra-00674,Can you summarize today's news?,chat
deepseek-extra-00675,Kick the ball gently.,motion_query
deepseek-extra-00676,Give me a high-five.,motion_query
deepseek-extra-00677,What is the boiling point of water?,chat
deepseek-extra-00678,Can you help me write a poem?,chat
deepseek-extra-00679,Put the cup on the table.,motion_query
deepseek-extra-00680,Turn off the light.,motion_query
deepseek-extra-00681,Pick up that book from the table.,motion_query
deepseek-extra-00682,Explain the difference between AI and machine learning.,chat
deepseek-extra-00683,What is the Eiffel Tower made of?,chat
deepseek-extra-00684,Can you write a poem for my friend?,chat
deepseek-extra-00685,Come here and stand next to me.,motion_query
deepseek-extra-00686,Put your hand on your head.,motion_query
deepseek-extra-00687,Hold still.,motion_query
deepseek-extra-00688,How do I make a resume?,chat
deepseek-extra-00689,Push that box to the corner.,motion_query
deepseek-extra-00690,Open the door.,motion_query
deepseek-extra-00691,Make a peace sign.,motion_query
deepseek-extra-00692,What is your battery percentage?,chat
deepseek-extra-00693,Hand me the red pen.,motion_query
deepseek-extra-00694,Can you suggest a good movie to watch?,chat
deepseek-extra-00695,Draw a circle in the air with your finger.,motion_query
deepseek-extra-00696,Gesture to confirm.,motion_query
deepseek-extra-00697,Turn off the fan.,motion_query
deepseek-extra-00698,Show me how you bow.,motion_query
deepseek-extra-00699,Can you describe the plot of Hamlet?,chat
deepseek-extra-00700,Explain how to make a cake.,chat
deepseek-extra-00701,Bow like you are greeting someone.,motion_query
deepseek-extra-00702,Do you have a camera?,chat
deepseek-extra-00703,Hold this object for me.,motion_query
deepseek-extra-00704,Do you support voice commands?,chat
deepseek-extra-00705,Act out a bird flying.,motion_query
deepseek-extra-00706,Can you solve this math problem: 15 * 27?,chat
deepseek-extra-00707,Pretend to be a robot.,motion_query
deepseek-extra-00708,What are the best practices for cybersecurity?,chat
deepseek-extra-00709,Tell me a fun fact about elephants.,chat
deepseek-extra-00710,Nod if you can hear me.,motion_query
deepseek-extra-00711,Tilt your head as a sign of curiosity.,motion_query
deepseek-extra-00712,Pick up that pen from the table.,motion_query
deepseek-extra-00713,Do you think I should take the job offer?,chat
deepseek-extra-00714,Shrug your shoulders.,motion_query
deepseek-extra-00715,Hold the tray level.,motion_query
deepseek-extra-00716,Cross your arms.,motion_query
deepseek-extra-00717,How can I make my home more energy-efficient?,chat
deepseek-extra-00718,Hold that pose for five seconds.,motion_query
deepseek-extra-00719,Point to the person who just entered.,motion_query
deepseek-extra-00720,What's a good way to apologize to a friend?,chat
deepseek-extra-00721,What is the meaning of life according to philosophy?,chat
deepseek-extra-00722,Can you describe the taste of chocolate?,chat
deepseek-extra-00723,Define 'serendipity'.,chat
deepseek-extra-00724,What are your thoughts on climate change?,chat
deepseek-extra-00725,What is the best way to organize a closet?,chat
deepseek-extra-00726,What is the difference between TCP and UDP?,chat
deepseek-extra-00727,Wave goodbye to the visitor.,motion_query
deepseek-extra-00728,Give me a thumbs up if you understand.,motion_query
deepseek-extra-00729,Lift the box onto the cart.,motion_query
deepseek-extra-00730,Show me a thumbs up if you agree.,motion_query
deepseek-extra-00731,How do I make coffee?,chat
deepseek-extra-00732,Can you calculate the tip for a $50 meal at 15%?,chat
deepseek-extra-00733,Simplify my schedule for tomorrow.,chat
deepseek-extra-00734,Gesture towards the board.,motion_query
deepseek-extra-00735,What is your operating system?,chat
deepseek-extra-00736,Push the chair in.,motion_query
deepseek-extra-00737,Look toward the window.,motion_query
deepseek-extra-00738,What are the main causes of climate change?,chat
deepseek-extra-00739,Can you help me plan my day?,chat
deepseek-extra-00740,Step forward and then back.,motion_query
deepseek-extra-00741,Put your hand over your heart.,motion_query
deepseek-extra-00742,Stand up and take a bow.,motion_query
deepseek-extra-00743,Nod if you understand the instructions.,motion_query
deepseek-extra-00744,What movie do you recommend for a comedy fan?,chat
deepseek-extra-00745,Point at the light switch.,motion_query
deepseek-extra-00746,Stand still while I tie my shoe.,motion_query
deepseek-extra-00747,Pull the door open.,motion_query
deepseek-extra-00748,Can you explain how to solve this math problem?,chat
deepseek-extra-00749,I'm feeling down today.,chat
deepseek-extra-00750,Lead the way.,motion_query
deepseek-extra-00751,Can you help me plan a trip to the beach?,chat
deepseek-extra-00752,Point at the map location.,motion_query
deepseek-extra-00753,Freeze in place for 5 seconds.,motion_query
deepseek-extra-00754,Can you give me a step-by-step guide to knitting?,chat
deepseek-extra-00755,How long does it take to learn guitar?,chat
deepseek-extra-00756,Give me a motivational quote.,chat
deepseek-extra-00757,Kick the ball towards me.,motion_query
deepseek-extra-00758,Hold this for me.,motion_query
deepseek-extra-00759,Lean to your right.,motion_query
deepseek-extra-00760,I need advice on how to cook a steak.,chat
deepseek-extra-00761,How do I get a refund for a faulty product?,chat
deepseek-extra-00762,Lift the box.,motion_query
deepseek-extra-00763,Make a gesture for 'come here'.,motion_query
deepseek-extra-00764,Can you help me with math homework?,chat
deepseek-extra-00765,Tell me about your safety features.,chat
deepseek-extra-00766,How do I plant a tree?,chat
deepseek-extra-00767,Can you help me practice my English?,chat
deepseek-extra-00768,Move to the right side of the table.,motion_query
deepseek-extra-00769,Tell me about your sensors.,chat
deepseek-extra-00770,Can you help me choose a gift?,chat
deepseek-extra-00771,Kneel down.,motion_query
deepseek-extra-00772,"I'm having trouble with my computer, any advice?",chat
deepseek-extra-00773,Bow like you're greeting someone.,motion_query
deepseek-extra-00774,What is your purpose?,chat
deepseek-extra-00775,Can you recommend a workout routine?,chat
deepseek-extra-00776,Face the door.,motion_query
deepseek-extra-00777,Open the drawer next to you.,motion_query
deepseek-extra-00778,Imitate my pose.,motion_query
deepseek-extra-00779,Do you understand sarcasm?,chat
deepseek-extra-00780,Respond with a thumbs up if you agree.,motion_query
deepseek-extra-00781,Can you help me brainstorm ideas for a project?,chat
deepseek-extra-00782,"I'm feeling stressed, any advice?",chat
deepseek-extra-00783,Take this cup to the table.,motion_query
deepseek-extra-00784,Do you have feelings?,chat
deepseek-extra-00785,What should I include in a cover letter?,chat
deepseek-extra-00786,Pull the lever to stop.,motion_query
deepseek-extra-00787,Can you define empathy?,chat
deepseek-extra-00788,Can you help me plan my weekend?,chat
deepseek-extra-00789,Tell me a fun fact about ancient Rome.,chat
deepseek-extra-00790,I need advice on dealing with a difficult coworker.,chat
deepseek-extra-00791,Move the chair to the corner.,motion_query
deepseek-extra-00792,Point to the red book on the shelf.,motion_query
deepseek-extra-00793,How are you today?,chat
deepseek-extra-00794,Explain the process of photosynthesis briefly.,chat
deepseek-extra-00795,Do you like music?,chat
deepseek-extra-00796,I'm planning a trip to Japan. Any tips?,chat
deepseek-extra-00797,Can you tell me a bedtime story?,chat
deepseek-extra-00798,What's the most efficient way to organize my schedule?,chat
deepseek-extra-00799,Guide me to the exit with hand gestures.,motion_query
deepseek-extra-00800,Do you have any hobbies?,chat
deepseek-extra-00801,What is quantum physics?,chat
deepseek-extra-00802,How does the stock market work?,chat
deepseek-extra-00803,Guide me to the door with your hand.,motion_query
deepseek-extra-00804,Can you explain quantum physics?,chat
deepseek-extra-00805,Come closer and examine this object.,motion_query
deepseek-extra-00806,Do you know any good book recommendations?,chat
deepseek-extra-00807,Fold your arms to signify disapproval.,motion_query
deepseek-extra-00808,What would you do if you encountered a problem?,chat
deepseek-extra-00809,Gesture thumbs up if you agree.,motion_query
deepseek-extra-00810,Can you help me debug this code?,chat
deepseek-extra-00811,Point at the door.,motion_query
deepseek-extra-00812,Do you know any fun facts?,chat
deepseek-extra-00813,Shake your head 'no' if you disagree.,motion_query
deepseek-extra-00814,What is the best way to practice gratitude?,chat
deepseek-extra-00815,Walk to the center of the room and stop.,motion_query
deepseek-extra-00816,Can you help me with this math problem?,chat
deepseek-extra-00817,Can you explain relativity in simple terms?,chat
deepseek-extra-00818,Can you help me plan a weekly meal schedule?,chat
deepseek-extra-00819,"I feel sad today, can you talk to me?",chat
deepseek-extra-00820,Tell me a word that rhymes with orange.,chat
deepseek-extra-00821,How do I get rid of a cold?,chat
deepseek-extra-00822,Do you think robots will ever have emotions?,chat
deepseek-extra-00823,Can you recommend a movie for a date night?,chat
deepseek-extra-00824,Pick up the pen from the floor.,motion_query
deepseek-extra-00825,Do you have any tips for staying motivated?,chat
deepseek-extra-00826,I need a plan to organize my day.,chat
deepseek-extra-00827,Point to the red object.,motion_query
deepseek-extra-00828,How do I reset my router?,chat
deepseek-extra-00829,What is the difference between AI and machine learning?,chat
deepseek-extra-00830,Move the vase away from the edge.,motion_query
deepseek-extra-00831,Can you remind me to call John at 3 PM?,chat
deepseek-extra-00832,Press the button on the top.,motion_query
deepseek-extra-00833,What's a good workout routine for beginners?,chat
deepseek-extra-00834,Point at the tallest building.,motion_query
deepseek-extra-00835,Can you explain the plot of Inception?,chat
deepseek-extra-00836,I need advice on buying a laptop.,chat
deepseek-extra-00837,Sit down.,motion_query
deepseek-extra-00838,Hold this end of the rope.,motion_query
deepseek-extra-00839,Hold the umbrella over my head.,motion_query
deepseek-extra-00840,Can you explain the concept of machine learning?,chat
deepseek-extra-00841,"I'm bored, entertain me.",chat
deepseek-extra-00842,Put the cup on the counter.,motion_query
deepseek-extra-00843,Open the drawer for me.,motion_query
deepseek-extra-00844,Skip to my lou.,motion_query
deepseek-extra-00845,Reach for the object on the top shelf.,motion_query
deepseek-extra-00846,I need encouragement for my exam tomorrow.,chat
deepseek-extra-00847,What are the steps to change a tire?,chat
deepseek-extra-00848,Act out the scene from the movie.,motion_query
deepseek-extra-00849,Give me a recipe for chocolate cake.,chat
deepseek-extra-00850,What's the meaning of 'resilience'?,chat
deepseek-extra-00851,Keep your gaze fixed on the target.,motion_query
deepseek-extra-00852,Remain still while I take your photo.,motion_query
deepseek-extra-00853,I need advice on time management.,chat
deepseek-extra-00854,Kneel on one knee.,motion_query
deepseek-extra-00855,Can you help me plan my itinerary for Paris?,chat
deepseek-extra-00856,Stand up.,motion_query
deepseek-extra-00857,Can you speak French?,chat
deepseek-extra-00858,"I'm bored, entertain me with words.",chat
deepseek-extra-00859,Explain the difference between AI and robotics.,chat
deepseek-extra-00860,Stand up and walk towards the door.,motion_query
deepseek-extra-00861,Pick up the ball and hand it to me.,motion_query
deepseek-extra-00862,Point at yourself when I say your name.,motion_query
deepseek-extra-00863,I need advice on which programming language to learn.,chat
deepseek-extra-00864,Cover your face with your hands.,motion_query
deepseek-extra-00865,Explain the process of evolution.,chat
deepseek-extra-00866,Pick up the book.,motion_query
deepseek-extra-00867,What is the history of the internet?,chat
deepseek-extra-00868,Bring the charger from the bedroom.,motion_query
deepseek-extra-00869,Point at the clock on the wall.,motion_query
deepseek-extra-00870,Why is the battery draining fast?,chat
deepseek-extra-00871,I need advice on choosing a gift.,chat
deepseek-extra-00872,Scan the room with your eyes.,motion_query
deepseek-extra-00873,Can you help me with my homework?,chat
deepseek-extra-00874,What's the difference between empathy and sympathy?,chat
deepseek-extra-00875,Is it safe to leave you charging overnight?,chat
deepseek-extra-00876,Look up at the ceiling.,motion_query
deepseek-extra-00877,Signal me when it's safe.,motion_query
deepseek-extra-00878,Circle around the table.,motion_query
deepseek-extra-00879,How do I change a light bulb safely?,chat
deepseek-extra-00880,Give me a summary of this article.,chat
deepseek-extra-00881,What updates have been made to your software?,chat
deepseek-extra-00882,Hand me that book.,motion_query
deepseek-extra-00883,What are some exercises for lower back pain?,chat
deepseek-extra-00884,What is your favorite movie and why?,chat
deepseek-extra-00885,Fetch my glasses from the table.,motion_query
deepseek-extra-00886,Lift the box from the floor.,motion_query
deepseek-extra-00887,Can you recognize faces?,chat
deepseek-extra-00888,Hold this door open for me.,motion_query
deepseek-extra-00889,Can you write a poem?,chat
deepseek-extra-00890,"I don't feel well, what should I take?",chat
deepseek-extra-00891,Can you recommend a good book on leadership?,chat
deepseek-extra-00892,Please tell me without demonstrating.,chat
deepseek-extra-00893,What are some tips for good sleep hygiene?,chat
deepseek-extra-00894,Lift your arm up.,motion_query
deepseek-extra-00895,Guide me to the nearest restroom.,motion_query
deepseek-extra-00896,Act out being surprised.,motion_query
deepseek-extra-00897,Point to the ceiling.,motion_query
deepseek-extra-00898,Walk forward two steps.,motion_query
deepseek-extra-00899,What is the tallest building in the world?,chat
deepseek-extra-00900,"Just tell me the answer, no demonstrations.",chat
deepseek-extra-00901,Extend your arm forward.,motion_query
deepseek-extra-00902,Touch your nose with your finger.,motion_query
deepseek-extra-00903,Carry the groceries inside.,motion_query
deepseek-extra-00904,Arrange the books alphabetically.,motion_query
deepseek-extra-00905,Can you help me draft an email?,chat
deepseek-extra-00906,What are your available sensors?,chat
deepseek-extra-00907,"I'm bored, what can I do?",chat
deepseek-extra-00908,Tell me a story about a distant galaxy.,chat
deepseek-extra-00909,Bring me the red book from the shelf.,motion_query
deepseek-extra-00910,Can you describe a scene from a movie?,chat
deepseek-extra-00911,Unplug the cable from the socket.,motion_query
deepseek-extra-00912,What language is spoken in Brazil?,chat
deepseek-extra-00913,Stop moving when I say 'halt'.,motion_query
deepseek-extra-00914,Answer with a gesture.,motion_query
deepseek-extra-00915,Crouch down to the ground.,motion_query
deepseek-extra-00916,Describe the plot of the movie Inception.,chat
deepseek-extra-00917,Make a peace sign with your fingers.,motion_query
deepseek-extra-00918,What is the difference between a virus and a bacteria?,chat
deepseek-extra-00919,Shake your head side to side.,motion_query
deepseek-extra-00920,How do I clean the filter?,chat
deepseek-extra-00921,Jump up and down.,motion_query
deepseek-extra-00922,Show me how you wave goodbye.,motion_query
deepseek-extra-00923,Hold still for a moment.,motion_query
deepseek-extra-00924,Can you calculate the tip for a $50 bill?,chat
deepseek-extra-00925,Do you know any fun facts about space?,chat
deepseek-extra-00926,Point at the painting you like.,motion_query
deepseek-extra-00927,Slide the cup closer to me.,motion_query
deepseek-extra-00928,Place the cup on the table.,motion_query
deepseek-extra-00929,Can you understand all languages?,chat
deepseek-extra-00930,Can you recommend a good restaurant nearby?,chat
deepseek-extra-00931,Catch this.,motion_query
deepseek-extra-00932,What would you do if you encountered a staircase?,chat
deepseek-extra-00933,Fetch the ball from under the chair.,motion_query
deepseek-extra-00934,What is the best way to learn a language?,chat
deepseek-extra-00935,Push the button on your chest.,motion_query
deepseek-extra-00936,Raise your arm to signal stop.,motion_query
deepseek-extra-00937,"I'm feeling a bit down, can you cheer me up with some words?",chat
deepseek-extra-00938,Tell me how to reset my password.,chat
deepseek-extra-00939,Tap my shoulder to get my attention.,motion_query
deepseek-extra-00940,Can you solve this riddle?,chat
deepseek-extra-00941,Turn towards the voice.,motion_query
deepseek-extra-00942,Stand up from your chair.,motion_query
deepseek-extra-00943,"I had a rough day, can you say something nice?",chat
deepseek-extra-00944,What's your name?,chat
deepseek-extra-00945,Is it better to exercise in the morning?,chat
deepseek-extra-00946,I'm feeling sad today; can you cheer me up?,chat
deepseek-extra-00947,Turn towards me and bow.,motion_query
deepseek-extra-00948,Can you tell me how to say 'good morning' in French?,chat
deepseek-extra-00949,Can you explain how you process speech?,chat
deepseek-extra-00950,Guide me through the obstacle course.,motion_query
deepseek-extra-00951,Imitate a dog barking.,motion_query
deepseek-extra-00952,Can you recommend a good recipe for pasta?,chat
deepseek-extra-00953,Approach the whiteboard.,motion_query
deepseek-extra-00954,Tell me about the history of the Eiffel Tower.,chat
deepseek-extra-00955,Roll your eyes to show sarcasm.,motion_query
deepseek-extra-00956,Can you dance?,chat
deepseek-extra-00957,What is the weather forecast?,chat
deepseek-extra-00958,Kick the ball.,motion_query
deepseek-extra-00959,Spin around slowly.,motion_query
deepseek-extra-00960,Open the drawer carefully.,motion_query
deepseek-extra-00961,Turn your head toward the sound.,motion_query
deepseek-extra-00962,Pick up the pen from the table.,motion_query
deepseek-extra-00963,Point at the map and show the route.,motion_query
deepseek-extra-00964,Can you describe your appearance?,chat
deepseek-extra-00965,How do I prevent my phone from overheating?,chat
deepseek-extra-00966,What is the difference between a virus and bacteria?,chat
deepseek-extra-00967,What's the best exercise for back pain?,chat
deepseek-extra-00968,What is the difference between weather and climate?,chat
deepseek-extra-00969,Can you define 'algorithm'?,chat
deepseek-extra-00970,Act out a happy expression.,motion_query
deepseek-extra-00971,Show the class the correct posture.,motion_query
deepseek-extra-00972,I need help planning a trip to Paris.,chat
deepseek-extra-00973,Can you suggest a good book for learning Python?,chat
deepseek-extra-00974,Is there a supermarket nearby?,chat
deepseek-extra-00975,How do I create a budget?,chat
deepseek-extra-00976,"Answer me with text, no gestures.",chat
deepseek-extra-00977,Gesture 'come here'.,motion_query
deepseek-extra-00978,Can you define the term 'robot ethics'?,chat
deepseek-extra-00979,Turn in a circle.,motion_query
deepseek-extra-00980,Move the chair closer.,motion_query
deepseek-extra-00981,You are so helpful.,chat
deepseek-extra-00982,Show me a peace sign.,motion_query
deepseek-extra-00983,Why is my internet connection so slow?,chat
deepseek-extra-00984,What is the time in Tokyo right now?,chat
deepseek-extra-00985,Kneel down to pick up the toy.,motion_query
deepseek-extra-00986,How do I get a refund for my purchase?,chat
deepseek-extra-00987,Do you have night vision?,chat
deepseek-extra-00988,Are you capable of dancing?,chat
deepseek-extra-00989,What are the ethical considerations of AI?,chat
deepseek-extra-00990,Imitate my walking style.,motion_query
deepseek-extra-00991,Move to the left so I can see the screen.,motion_query
deepseek-extra-00992,Can you help me plan a trip?,chat
deepseek-extra-00993,What are some good study techniques?,chat
deepseek-extra-00994,What's the largest ocean on Earth?,chat
deepseek-extra-00995,Should I invest in stocks or real estate?,chat
deepseek-extra-00996,What is the best smartphone on the market?,chat
deepseek-extra-00997,Gesture with your hand to indicate direction.,motion_query
deepseek-extra-00998,Can you understand sarcasm?,chat
deepseek-extra-00999,How do I grow tomatoes in a pot?,chat
deepseek-extra-01000,Back up a little.,motion_query
deepseek-extra-01001,What time does the museum close?,chat
deepseek-extra-01002,I need to calculate 15% of 200.,chat
deepseek-extra-01003,Can you summarize the news for me?,chat
deepseek-extra-01004,What time is my meeting?,chat
deepseek-extra-01005,How long does it take to cook a turkey?,chat
deepseek-extra-01006,How do I negotiate a salary?,chat
deepseek-extra-01007,Tell me a joke about robots.,chat
deepseek-extra-01008,What is the best way to meditate?,chat
deepseek-extra-01009,Stay in that position.,motion_query
deepseek-extra-01010,Lift the box carefully.,motion_query
deepseek-extra-01011,Can you teach me a new language?,chat
deepseek-extra-01012,What is the best way to learn Python?,chat
deepseek-extra-01013,Explain the theory of relativity to me.,chat
deepseek-extra-01014,Sign the word 'thank you' in sign language.,motion_query
deepseek-extra-01015,What's the history of robotics?,chat
deepseek-extra-01016,Can you help me understand this quote?,chat
deepseek-extra-01017,What is the largest ocean?,chat
deepseek-extra-01018,What's the meaning of the word 'serendipity'?,chat
deepseek-extra-01019,Take a bow.,motion_query
deepseek-extra-01020,Answer with a nod or shake.,motion_query
deepseek-extra-01021,Describe the plot of Inception.,chat
deepseek-extra-01022,Follow me to the garage.,motion_query
deepseek-extra-01023,Show me which direction the store is.,motion_query
deepseek-extra-01024,How do I set up a new email account?,chat
deepseek-extra-01025,Move the chair out of the way.,motion_query
deepseek-extra-01026,Can you remind me to call mom at 5 PM?,chat
deepseek-extra-01027,"I'm feeling anxious, can you calm me down?",chat
deepseek-extra-01028,Stop moving now.,motion_query
deepseek-extra-01029,What should I pack for a beach vacation?,chat
deepseek-extra-01030,Can I ask you a personal question?,chat
deepseek-extra-01031,What's the chemical symbol for gold?,chat
deepseek-extra-01032,What are your power consumption specs?,chat
deepseek-extra-01033,Can you think of a creative birthday gift?,chat
deepseek-extra-01034,Gaze toward the window.,motion_query
deepseek-extra-01035,Is it going to rain this afternoon?,chat
deepseek-extra-01036,Follow me.,motion_query
deepseek-extra-01037,Give me advice on how to negotiate a salary.,chat
deepseek-extra-01038,Lead me to the kitchen.,motion_query
deepseek-extra-01039,Turn your gaze toward the painting.,motion_query
deepseek-extra-01040,Point at the clock.,motion_query
deepseek-extra-01041,Nod twice if you can hear me.,motion_query
deepseek-extra-01042,What is a good way to apologize?,chat
deepseek-extra-01043,Push the button on the console.,motion_query
deepseek-extra-01044,Crouch down and pick up the item.,motion_query
deepseek-extra-01045,How many continents are there?,chat
deepseek-extra-01046,Take this box to the storage room.,motion_query
deepseek-extra-01047,Can you explain how gravity works?,chat
deepseek-extra-01048,Reach out and touch my hand.,motion_query
deepseek-extra-01049,How do I make a good first impression?,chat
deepseek-extra-01050,Pull the lever gently.,motion_query
deepseek-extra-01051,Can you learn new skills?,chat
deepseek-extra-01052,"Just tell me the answer, no gestures.",chat
deepseek-extra-01053,Move forward two steps.,motion_query
deepseek-extra-01054,Lower your arm.,motion_query
deepseek-extra-01055,Dance a little jig.,motion_query
deepseek-extra-01056,Raise your voice so I can hear you.,motion_query
deepseek-extra-01057,Stand up straight.,motion_query
deepseek-extra-01058,How are you doing today?,chat
deepseek-extra-01059,Point to the closest chair.,motion_query
deepseek-extra-01060,Hold this object still.,motion_query
deepseek-extra-01061,Walk behind me and follow my path.,motion_query
deepseek-extra-01062,Indicate with your hand which way to go.,motion_query
deepseek-extra-01063,What is the population of Canada?,chat
deepseek-extra-01064,Walk to the center of the room.,motion_query
deepseek-extra-01065,Move forward two meters.,motion_query
deepseek-extra-01066,How many calories in an apple?,chat
deepseek-extra-01067,What's the best time to exercise?,chat
deepseek-extra-01068,How long does it take to charge your battery?,chat
deepseek-extra-01069,Jump up and down to celebrate.,motion_query
deepseek-extra-01070,How do you work?,chat
deepseek-extra-01071,Which song is currently popular?,chat
deepseek-extra-01072,Act out eating an apple.,motion_query
deepseek-extra-01073,I feel sad today.,chat
deepseek-extra-01074,Move to the other side of the room.,motion_query
deepseek-extra-01075,Can you describe the painting in the living room?,chat
deepseek-extra-01076,Hold still while I scan you.,motion_query
deepseek-extra-01077,How long does it take to cook rice?,chat
deepseek-extra-01078,What ingredients do I need for a chocolate cake?,chat
deepseek-extra-01079,Fetch my slippers.,motion_query
deepseek-extra-01080,Lower your head and look at the floor.,motion_query
deepseek-extra-01081,Do you have any tips for public speaking?,chat
deepseek-extra-01082,Stand in front of the door.,motion_query
deepseek-extra-01083,How do I tie a tie?,chat
deepseek-extra-01084,Point at the red car.,motion_query
deepseek-extra-01085,Can you explain the difference between a verb and a noun?,chat
deepseek-extra-01086,What's the population of Canada?,chat
deepseek-extra-01087,Put the groceries away.,motion_query
deepseek-extra-01088,Push the door open.,motion_query
deepseek-extra-01089,Can you help me plan a vacation itinerary in words?,chat
deepseek-extra-01090,Place the flowers in the vase.,motion_query
deepseek-extra-01091,Gesture to indicate direction.,motion_query
deepseek-extra-01092,Perform a thumbs down.,motion_query
deepseek-extra-01093,Touch your nose.,motion_query
deepseek-extra-01094,Please move the chair to the left.,motion_query
deepseek-extra-01095,"I'm feeling stressed, can you give me some relaxation tips?",chat
deepseek-extra-01096,Do you think artificial intelligence is dangerous?,chat
deepseek-extra-01097,Tilt your head to show confusion.,motion_query
deepseek-extra-01098,Press the button on the remote.,motion_query
deepseek-extra-01099,Make a sad face.,motion_query
deepseek-extra-01100,Back away from the door.,motion_query
deepseek-extra-01101,What tasks can you automate?,chat
deepseek-extra-01102,Orient towards the sound.,motion_query
deepseek-extra-01103,Can you remind me of my schedule tomorrow?,chat
deepseek-extra-01104,Act out a happy dance.,motion_query
deepseek-extra-01105,Can you give me a riddle?,chat
deepseek-extra-01106,Kick the ball gently to me.,motion_query
deepseek-extra-01107,Stop and turn to face me.,motion_query
deepseek-extra-01108,Pull the drawer open.,motion_query
deepseek-extra-01109,How do I download a file from the internet?,chat
deepseek-extra-01110,Act out being angry.,motion_query
deepseek-extra-01111,Demonstrate the proper way to lift a box.,motion_query
deepseek-extra-01112,Follow that person slowly.,motion_query
deepseek-extra-01113,Can you suggest a good movie?,chat
deepseek-extra-01114,What are the best practices for remote work?,chat
deepseek-extra-01115,Step back from the table.,motion_query
deepseek-extra-01116,How do you navigate obstacles?,chat
deepseek-extra-01117,Flip the switch.,motion_query
deepseek-extra-01118,Open the drawer.,motion_query
deepseek-extra-01119,Explain the difference between TCP and UDP.,chat
deepseek-extra-01120,Move closer so I can see you better.,motion_query
deepseek-extra-01121,Pick up the cup.,motion_query
deepseek-extra-01122,Freeze like a statue.,motion_query
deepseek-extra-01123,Hold your arm up for 10 seconds.,motion_query
deepseek-extra-01124,Step back from the edge.,motion_query
deepseek-extra-01125,Answer yes by nodding your head.,motion_query
deepseek-extra-01126,Use body language to show confusion.,motion_query
deepseek-extra-01127,What is the population of China?,chat
deepseek-extra-01128,Explain why the sky is blue.,chat
deepseek-extra-01129,Turn the lights off.,motion_query
deepseek-extra-01130,Hold your hand out palm up.,motion_query
deepseek-extra-01131,Demonstrate how to swing a bat.,motion_query
deepseek-extra-01132,Tell me the latest news headlines.,chat
deepseek-extra-01133,Tell me a story about a brave robot.,chat
deepseek-extra-01134,Unlock the drawer.,motion_query
deepseek-extra-01135,Give me the weather forecast for tomorrow.,chat
deepseek-extra-01136,Crouch down low.,motion_query
deepseek-extra-01137,What is the latest news?,chat
deepseek-extra-01138,Point at the screen.,motion_query
deepseek-extra-01139,Pretend to sneeze.,motion_query
deepseek-extra-01140,How do I set goals?,chat
deepseek-extra-01141,Can you translate this to Spanish?,chat
deepseek-extra-01142,How can I improve my time management?,chat
deepseek-extra-01143,Can you list your available functions?,chat
deepseek-extra-01144,Indicate the exit with your finger.,motion_query
deepseek-extra-01145,Can you list the planets in order?,chat
deepseek-extra-01146,Turn left at the corner.,motion_query
deepseek-extra-01147,Can you tell me a story about a dragon?,chat
deepseek-extra-01148,What is a good book for learning Python?,chat
deepseek-extra-01149,Stand still for calibration.,motion_query
deepseek-extra-01150,Drop the object on the floor.,motion_query
deepseek-extra-01151,Walk to the end of the hallway.,motion_query
deepseek-extra-01152,What is the meaning of this word in Spanish?,chat
deepseek-extra-01153,What are the best practices for data privacy?,chat
deepseek-extra-01154,Stand up and stretch.,motion_query
deepseek-extra-01155,Halt and do not move.,motion_query
deepseek-extra-01156,How do you say 'thank you' in Japanese?,chat
deepseek-extra-01157,What are the symptoms of flu?,chat
deepseek-extra-01158,Come here.,motion_query
deepseek-extra-01159,What is the difference between RAM and ROM?,chat
deepseek-extra-01160,"I'm stuck at a decision, what should I consider?",chat
deepseek-extra-01161,Demonstrate a yoga pose.,motion_query
deepseek-extra-01162,Bring me that cup.,motion_query
deepseek-extra-01163,Keep your eyes on me.,motion_query
deepseek-extra-01164,Is there a good Italian restaurant nearby?,chat
deepseek-extra-01165,I need some motivation to start exercising.,chat
deepseek-extra-01166,Recommend a good book for self-improvement.,chat
deepseek-extra-01167,How do I change the oil in my car?,chat
deepseek-extra-01168,Can you describe the difference between a cat and a dog?,chat
deepseek-extra-01169,How do I fold a paper airplane?,chat
deepseek-extra-01170,What steps should I take to learn guitar?,chat
deepseek-extra-01171,"Good morning, can you tell me a joke?",chat
deepseek-extra-01172,How do I fix a slow computer?,chat
deepseek-extra-01173,Mimic my arm movement.,motion_query
deepseek-extra-01174,Act out the scene from the play.,motion_query
deepseek-extra-01175,Recommend a movie like Inception.,chat
deepseek-extra-01176,Hold this box steady while I tape it.,motion_query
deepseek-extra-01177,Demonstrate how to throw a ball.,motion_query
deepseek-extra-01178,Point to the person who just spoke.,motion_query
deepseek-extra-01179,Can you play some calming music?,chat
deepseek-extra-01180,"I'm bored, entertain me with a story.",chat
deepseek-extra-01181,Point at the object I'm holding.,motion_query
deepseek-extra-01182,Can you learn from your mistakes?,chat
deepseek-extra-01183,What is your manufacturing date?,chat
deepseek-extra-01184,Respond by tapping your foot.,motion_query
deepseek-extra-01185,What movie should I watch tonight?,chat
deepseek-extra-01186,Walk over to the table.,motion_query
deepseek-extra-01187,How do I make a cup of tea?,chat
deepseek-extra-01188,Can you explain how to solve a Rubik's cube?,chat
deepseek-extra-01189,Please just answer with words.,chat
deepseek-extra-01190,Fetch the book from the shelf.,motion_query
deepseek-extra-01191,How do I learn to play the guitar?,chat
deepseek-extra-01192,Can you tell me about your battery life?,chat
deepseek-extra-01193,How do I make a budget?,chat
deepseek-extra-01194,How do you process natural language?,chat
deepseek-extra-01195,Can you give me some study tips?,chat
deepseek-extra-01196,Walk to the corner and stop.,motion_query
deepseek-extra-01197,Can you bring me a glass of water?,motion_query
deepseek-extra-01198,Look at the red dot on the wall.,motion_query
deepseek-extra-01199,Look at the red light on the panel.,motion_query
deepseek-extra-01200,Gesture goodbye with your hand.,motion_query
deepseek-extra-01201,Can you explain quantum physics simply?,chat
deepseek-extra-01202,Stop moving when I say 'freeze'.,motion_query
deepseek-extra-01203,Copy my gesture as I raise my hand.,motion_query
deepseek-extra-01204,Put the box on the table.,motion_query
deepseek-extra-01205,Bring me that cup on the table.,motion_query
deepseek-extra-01206,Copy my hand gesture.,motion_query
deepseek-extra-01207,Tilt your head to the side.,motion_query
deepseek-extra-01208,How do I improve my time management?,chat
deepseek-extra-01209,How do I motivate myself to study?,chat
deepseek-extra-01210,Stop moving and hold your position.,motion_query
deepseek-extra-01211,What causes a rainbow?,chat
deepseek-extra-01212,What is the best way to save money?,chat
deepseek-extra-01213,What types of objects can you pick up?,chat
deepseek-extra-01214,What is your favorite book?,chat
deepseek-extra-01215,Show me how you clean.,motion_query
deepseek-extra-01216,Can you explain the stock market?,chat
deepseek-extra-01217,Show me how to perform the dance move.,motion_query
deepseek-extra-01218,What are the benefits of exercise?,chat
deepseek-extra-01219,Can you explain machine learning?,chat
deepseek-extra-01220,Reach out and take my hand.,motion_query
deepseek-extra-01221,Point me to the exit.,motion_query
deepseek-extra-01222,How long does it take to bake a cake?,chat
deepseek-extra-01223,Can you explain quantum entanglement?,chat
deepseek-extra-01224,Make a peace sign with your hand.,motion_query
deepseek-extra-01225,Think of a number and show it with your fingers.,motion_query
deepseek-extra-01226,What's the weather forecast for tomorrow?,chat
deepseek-extra-01227,Crouch down to pick the item.,motion_query
deepseek-extra-01228,What is 2 + 2?,chat
deepseek-extra-01229,Back away from the edge of the counter.,motion_query
deepseek-extra-01230,What's the history of the internet?,chat
deepseek-extra-01231,Sit down on the sofa.,motion_query
deepseek-extra-01232,Hand me the red folder.,motion_query
deepseek-extra-01233,Wave your hand to greet the visitor.,motion_query
deepseek-extra-01234,What is the most efficient route to the airport?,chat
deepseek-extra-01235,Look at me.,motion_query
deepseek-extra-01236,What is the fastest animal on land?,chat
deepseek-extra-01237,Can you remind me to buy milk at 5 PM?,chat
deepseek-extra-01238,How do I set a reminder for tomorrow?,chat
deepseek-extra-01239,Demonstrate the dance move again.,motion_query
deepseek-extra-01240,Stand on one leg.,motion_query
deepseek-extra-01241,Run away from the obstacle.,motion_query
deepseek-extra-01242,Recommend a good book for me.,chat
deepseek-extra-01243,Slide the book across the table.,motion_query
deepseek-extra-01244,Do you have any suggestions for weekend activities?,chat
deepseek-extra-01245,Press the button.,motion_query
deepseek-extra-01246,"If I want to lose weight, what should I eat?",chat
deepseek-extra-01247,Carry this box to the car.,motion_query
deepseek-extra-01248,Point to the nearest fire exit.,motion_query
deepseek-extra-01249,Salute me formally.,motion_query
deepseek-extra-01250,What is the square root of 256?,chat
deepseek-extra-01251,Trace the shape in the air.,motion_query
deepseek-extra-01252,Hand me that book on the shelf.,motion_query
deepseek-extra-01253,Should I buy a house or rent?,chat
deepseek-extra-01254,Blink twice if you understand.,motion_query
deepseek-extra-01255,How do I clean your sensors?,chat
deepseek-extra-01256,How do I reset the router?,chat
deepseek-extra-01257,What are the main functions of a robot?,chat
deepseek-extra-01258,Back up two steps.,motion_query
deepseek-extra-01259,Raise your arm to stop the traffic.,motion_query
deepseek-extra-01260,Hold still for a photo.,motion_query
deepseek-extra-01261,Act out what a happy robot looks like.,motion_query
deepseek-extra-01262,Can you calculate 15% tip on $45?,chat
deepseek-extra-01263,Can you suggest a good book to read?,chat
deepseek-extra-01264,How do I change the language settings?,chat
deepseek-extra-01265,Can you write a poem about spring?,chat
deepseek-extra-01266,Turn on the light.,motion_query
deepseek-extra-01267,Use your arm to point to the right.,motion_query
deepseek-extra-01268,Do a little dance.,motion_query
deepseek-extra-01269,Raise your arm if you hear me.,motion_query
deepseek-extra-01270,What are your thoughts on remote work?,chat
deepseek-extra-01271,Act out a robot failing.,motion_query
deepseek-extra-01272,Push the button on the machine.,motion_query
deepseek-extra-01273,Point to the emergency exit.,motion_query
deepseek-extra-01274,Go to the whiteboard and point to the formula.,motion_query
deepseek-extra-01275,What is 2 plus 2?,chat
deepseek-extra-01276,What is the schedule for today?,chat
deepseek-extra-01277,Can you explain how to meditate?,chat
deepseek-extra-01278,Can you tell me the time in Tokyo?,chat
deepseek-extra-01279,How do I calm a crying baby?,chat
deepseek-extra-01280,"I'm bored, give me something interesting to think about.",chat
deepseek-extra-01281,Can you help me practice a speech?,chat
deepseek-extra-01282,Tell me about your maintenance schedule.,chat
deepseek-extra-01283,Can you tell me about your capabilities in detail?,chat
deepseek-extra-01284,How do I get over a fear of heights?,chat
deepseek-extra-01285,What is the weather forecast for today?,chat
deepseek-extra-01286,Show me how you do a happy dance.,motion_query
deepseek-extra-01287,I need a healthy breakfast suggestion.,chat
deepseek-extra-01288,What's the difference between a robot and a human?,chat
deepseek-extra-01289,Can you give me a riddle to solve?,chat
deepseek-extra-01290,Lead me to the nearest exit.,motion_query
deepseek-extra-01291,Sit down on that chair.,motion_query
deepseek-extra-01292,Recommend a good thriller movie.,chat
deepseek-extra-01293,Pick up that toy and place it on the shelf.,motion_query
deepseek-extra-01294,Can you give me a recipe for pasta?,chat
deepseek-extra-01295,Get the book from the shelf.,motion_query
deepseek-extra-01296,Hand me the hammer.,motion_query
deepseek-extra-01297,Place your hand on my shoulder.,motion_query
deepseek-extra-01298,Do you prefer cats or dogs?,chat
deepseek-extra-01299,Slide the book to the left.,motion_query
deepseek-extra-01300,Tell me about the Great Wall of China.,chat
deepseek-extra-01301,How do I calculate compound interest?,chat
deepseek-extra-01302,Please point to the exit.,motion_query
deepseek-extra-01303,What time is sunset today?,chat
deepseek-extra-01304,How do I connect to Wi-Fi?,chat
deepseek-extra-01305,Fetch the blue ball from the corner.,motion_query
deepseek-extra-01306,What are your capabilities? Answer verbally only.,chat
deepseek-extra-01307,What is your emergency protocol?,chat
deepseek-extra-01308,Lead the group in a warm-up stretch.,motion_query
deepseek-extra-01309,Can you define 'serendipity'?,chat
deepseek-extra-01310,Perform the victory dance.,motion_query
deepseek-extra-01311,Show me how to perform a backflip.,motion_query
deepseek-extra-01312,Stop what you are doing.,motion_query
deepseek-extra-01313,Bend down to pick up the toy.,motion_query
deepseek-extra-01314,Slide the paper across the desk.,motion_query
deepseek-extra-01315,What is the tallest mountain in the world?,chat
deepseek-extra-01316,Tell me about yourself.,chat
deepseek-extra-01317,Answer with a nod.,motion_query
deepseek-extra-01318,How do I calm down before a big presentation?,chat
deepseek-extra-01319,What is the most popular sport in the world?,chat
deepseek-extra-01320,Blink twice if you need a break.,motion_query
deepseek-extra-01321,"I feel lonely, can you talk to me?",chat
deepseek-extra-01322,What is your maximum walking speed?,chat
deepseek-extra-01323,How does a refrigerator work?,chat
deepseek-extra-01324,Can you calculate the square root of 144?,chat
deepseek-extra-01325,Fetch the remote control.,motion_query
deepseek-extra-01326,How do I plant a tomato seedling?,chat
deepseek-extra-01327,What's the fastest animal on Earth?,chat
deepseek-extra-01328,Hold this box for me.,motion_query
deepseek-extra-01329,What is your processing speed?,chat
deepseek-extra-01330,Can you describe the taste of a lemon?,chat
deepseek-extra-01331,Back away from the table.,motion_query
deepseek-extra-01332,Carry this box to the corner.,motion_query
deepseek-extra-01333,Carry these files to the desk.,motion_query
deepseek-extra-01334,Can you calculate the tip on a $45 bill?,chat
deepseek-extra-01335,Bring the newspaper to me.,motion_query
deepseek-extra-01336,What are the signs of a good investment?,chat
deepseek-extra-01337,Raise your arm if you can hear me.,motion_query
deepseek-extra-01338,Can you give me advice on public speaking?,chat
deepseek-extra-01339,How does GPS work?,chat
deepseek-extra-01340,Move the vase to the center of the table.,motion_query
deepseek-extra-01341,How do I remove a stain from a shirt?,chat
deepseek-extra-01342,Is it rude to ask about salary?,chat
deepseek-extra-01343,I feel lonely today. Can you tell me a joke?,chat
deepseek-extra-01344,Pick up the cup on the counter.,motion_query
deepseek-extra-01345,Bring me my water bottle from the table.,motion_query
deepseek-extra-01346,Cross your arms over your chest.,motion_query
deepseek-extra-01347,Explain how vaccines work.,chat
deepseek-extra-01348,Can you give me a verbal tutorial on how to change a tire?,chat
deepseek-extra-01349,Describe the layout of the room without pointing.,chat
deepseek-extra-01350,Lean forward to see better.,motion_query
deepseek-extra-01351,Bend over and touch your toes.,motion_query
deepseek-extra-01352,Cover your eyes.,motion_query
deepseek-extra-01353,Show me 'okay' with a hand sign.,motion_query
deepseek-extra-01354,Throw the ball to me.,motion_query
deepseek-extra-01355,Stop your arm motion.,motion_query
deepseek-extra-01356,Snap your fingers.,motion_query
deepseek-extra-01357,Hold still while I measure.,motion_query
deepseek-extra-01358,Pick up the trash from the floor.,motion_query
deepseek-extra-01359,Walk to the other side of the room.,motion_query
deepseek-extra-01360,How do I set a timer?,chat
deepseek-extra-01361,Tell me about the solar system.,chat
deepseek-extra-01362,What should I eat for breakfast to be healthy?,chat
deepseek-extra-01363,"I'm feeling stressed, what should I do?",chat
deepseek-extra-01364,Roll forward.,motion_query
deepseek-extra-01365,Show me how to bow.,motion_query
deepseek-extra-01366,Wag your finger if I'm right.,motion_query
deepseek-extra-01367,Can you set a timer for 10 minutes?,chat
deepseek-extra-01368,Take a step to the left.,motion_query
deepseek-extra-01369,Step back two steps.,motion_query
deepseek-extra-01370,Turn left at the hallway.,motion_query
deepseek-extra-01371,What are the signs of a good leader?,chat
deepseek-extra-01372,Point to the object I'm thinking of: it's the one on your right.,motion_query
deepseek-extra-01373,Who is the current president of the United States?,chat
deepseek-extra-01374,I'm feeling stressed today.,chat
deepseek-extra-01375,Hand me the scissors.,motion_query
deepseek-extra-01376,What are the ingredients for a healthy smoothie?,chat
deepseek-extra-01377,Turn your wrist clockwise.,motion_query
deepseek-extra-01378,What are the signs of a heart attack?,chat
deepseek-extra-01379,Tell me about your capabilities in detail.,chat
deepseek-extra-01380,Turn around.,motion_query
deepseek-extra-01381,"My phone battery drains fast, any tips?",chat
deepseek-extra-01382,Gesture that everything is okay.,motion_query
deepseek-extra-01383,How do I deal with stress?,chat
deepseek-extra-01384,How far can you see?,chat
deepseek-extra-01385,"I'm nervous about my presentation, any tips?",chat
deepseek-extra-01386,What's the best way to study for an exam?,chat
deepseek-extra-01387,Tell me a fun fact about robots.,chat
deepseek-extra-01388,What is the best way to learn programming?,chat
deepseek-extra-01389,Make a heart shape with your hands.,motion_query
deepseek-extra-01390,I need tips for better sleep.,chat
deepseek-extra-01391,Gesture towards the exit.,motion_query
deepseek-extra-01392,Lift the box off the floor.,motion_query
deepseek-extra-01393,Place the remote next to the TV.,motion_query
deepseek-extra-01394,Glance to your left.,motion_query
deepseek-extra-01395,Slowly walk backwards.,motion_query
deepseek-extra-01396,Come here and stand beside me.,motion_query
deepseek-extra-01397,Demonstrate a squat.,motion_query
deepseek-extra-01398,"Use only words, don't move.",chat
deepseek-extra-01399,Can you name all the planets in order?,chat
deepseek-extra-01400,Can you escort the child to the garden?,motion_query
deepseek-extra-01401,Bring the book from the table.,motion_query
deepseek-extra-01402,Bow slightly.,motion_query
deepseek-extra-01403,Take this note and place it on the board.,motion_query
deepseek-extra-01404,How does solar power work?,chat
deepseek-extra-01405,Can you remind me to buy milk?,chat
deepseek-extra-01406,"I'm feeling a bit down today, can you cheer me up?",chat
deepseek-extra-01407,What is the difference between a virus and a bacterium?,chat
deepseek-extra-01408,Please move to the left.,motion_query
deepseek-extra-01409,Move your head to the left.,motion_query
deepseek-extra-01410,What is your opinion on renewable energy?,chat
deepseek-extra-01411,What's a good gift for a birthday?,chat
deepseek-extra-01412,Look at the clock on the wall.,motion_query
deepseek-extra-01413,Demonstrate how to use this tool.,motion_query
deepseek-extra-01414,Can you give me a summary of today's news?,chat
deepseek-extra-01415,Can you understand multiple accents?,chat
deepseek-extra-01416,How do I reset my network settings?,chat
deepseek-extra-01417,Lead the way to the parking lot.,motion_query
deepseek-extra-01418,Bow as a greeting.,motion_query
deepseek-extra-01419,Raise your arm to vote.,motion_query
deepseek-extra-01420,Can you help me practice a foreign language?,chat
deepseek-extra-01421,Take this note and place it on the fridge.,motion_query
deepseek-extra-01422,Can you describe the weather outside?,chat
deepseek-extra-01423,How do I manage stress effectively?,chat
deepseek-extra-01424,What is the most efficient way to study for an exam?,chat
deepseek-extra-01425,Look in the direction of the sound.,motion_query
deepseek-extra-01426,Raise your hand if you have a question.,motion_query
deepseek-extra-01427,"I'm feeling anxious, any advice?",chat
deepseek-extra-01428,Move your arm to the left.,motion_query
deepseek-extra-01429,What are your core capabilities?,chat
deepseek-extra-01430,Lead the group to the conference room.,motion_query
deepseek-extra-01431,How do I reset the system?,chat
deepseek-extra-01432,How do I make a perfect omelette?,chat
deepseek-extra-01433,Pick up that pencil.,motion_query
deepseek-extra-01434,Applaud when I finish.,motion_query
deepseek-extra-01435,Can you explain the difference between AC and DC?,chat
deepseek-extra-01436,How do I save money effectively?,chat
deepseek-extra-01437,Demonstrate how to tie a tie.,motion_query
deepseek-extra-01438,Sweep the floor with the brush.,motion_query
deepseek-extra-01439,What do you mean by safe distance?,chat
deepseek-extra-01440,Gesture to the left to indicate the direction.,motion_query
deepseek-extra-01441,Can you remember my appointment for tomorrow?,chat
deepseek-extra-01442,What is a healthy breakfast?,chat
deepseek-extra-01443,Act out the scene where you are surprised.,motion_query
deepseek-extra-01444,Clap your hands once.,motion_query
deepseek-extra-01445,Bring me the book on the shelf.,motion_query
deepseek-extra-01446,How many languages can you speak?,chat
deepseek-extra-01447,Can you know when to stop?,chat
deepseek-extra-01448,Brush your fingers through your hair.,motion_query
deepseek-extra-01449,Act like you are happy.,motion_query
deepseek-extra-01450,What's the distance to the moon?,chat
deepseek-extra-01451,Bring the remote control from the sofa.,motion_query
deepseek-extra-01452,I need some advice on choosing a gift.,chat
deepseek-extra-01453,Nod if you agree with me.,motion_query
deepseek-extra-01454,What's the news today?,chat
deepseek-extra-01455,Just tell me the answer without showing any action.,chat
deepseek-extra-01456,Can you help me improve my writing?,chat
deepseek-extra-01457,What is the best way to clean a stained shirt?,chat
deepseek-extra-01458,Tilt your head to the right.,motion_query
deepseek-extra-01459,Pick up that pen from the floor.,motion_query
deepseek-extra-01460,Drop the keys into the bowl.,motion_query
deepseek-extra-01461,Slide the drawer shut.,motion_query
deepseek-extra-01462,Answer by pointing to the correct option.,motion_query
deepseek-extra-01463,What should I check if my car won't start?,chat
deepseek-extra-01464,Step closer and read this sign.,motion_query
deepseek-extra-01465,How do I improve my memory?,chat
deepseek-extra-01466,I need advice on cooking.,chat
deepseek-extra-01467,I'm feeling a bit stressed. Can you cheer me up?,chat
deepseek-extra-01468,Can you write a poem for me?,chat
deepseek-extra-01469,Tell me about your features.,chat
deepseek-extra-01470,Bring me a glass of water from the kitchen.,motion_query
deepseek-extra-01471,Can you meditate with me?,chat
deepseek-extra-01472,Can you help me come up with a recipe?,chat
deepseek-extra-01473,Gesture that you are confused.,motion_query
deepseek-extra-01474,Can you explain how taxes work?,chat
deepseek-extra-01475,Who wrote 'Romeo and Juliet'?,chat
deepseek-extra-01476,What is the most populated country?,chat
deepseek-extra-01477,Should I take the train or drive to work?,chat
deepseek-extra-01478,What is the Pythagorean theorem?,chat
deepseek-extra-01479,What's your opinion on electric cars?,chat
deepseek-extra-01480,Walk forward three steps.,motion_query
deepseek-extra-01481,Extend your hand for a handshake.,motion_query
deepseek-extra-01482,Pick up the fallen pen.,motion_query
deepseek-extra-01483,Use your arm to block the light.,motion_query
deepseek-extra-01484,Pick up the pen and bring it to me.,motion_query
deepseek-extra-01485,Wave goodbye to the children.,motion_query
deepseek-extra-01486,Imitate my movement.,motion_query
deepseek-extra-01487,I have a headache. What should I take?,chat
deepseek-extra-01488,How many calories are in an apple?,chat
deepseek-extra-01489,Can you point to the emergency exit?,motion_query
deepseek-extra-01490,What is the difference between an algorithm and a program?,chat
deepseek-extra-01491,What are your favorite movies?,chat
deepseek-extra-01492,I need advice on buying a new phone.,chat
deepseek-extra-01493,Do you have any suggestions for a workout routine?,chat
deepseek-extra-01494,Why is my computer running slow?,chat
deepseek-extra-01495,Make a circle with your arms.,motion_query
deepseek-extra-01496,Bring me the book from the shelf.,motion_query
deepseek-extra-01497,What's your favorite movie genre?,chat
deepseek-extra-01498,Walk alongside me.,motion_query
deepseek-extra-01499,Point at the red car outside.,motion_query
deepseek-extra-01500,Pick up the pen and write your name.,motion_query
